order_id,customer_id,product_id,quantity,order_date,total_amount
1,27,233,9,2024-01-07,3884.22
2,111,53,1,2024-02-26,21.61
3,861,100,10,2024-01-17,4886.3
4,263,182,7,2023-12-08,1565.69
5,249,71,1,2024-01-10,477.54
6,599,224,9,2024-04-14,566.46
7,598,454,9,2024-02-10,2963.34
8,618,176,5,2024-01-01,759.2
9,531,301,3,2024-01-17,280.08
10,839,428,9,2023-12-18,3579.21
11,1000,103,4,2025-04-14,1848.44
12,488,356,8,2025-01-13,3930.16
13,580,494,6,2023-11-14,2755.14
14,108,233,1,2025-03-16,431.58
15,229,355,4,2024-02-16,559.56
16,753,394,6,2024-07-14,781.62
17,189,423,1,2024-01-03,247.53
18,367,16,9,2024-01-10,3809.07
19,451,100,10,2023-07-01,4886.3
20,204,102,5,2024-01-29,2001.7
21,269,369,3,2024-01-18,898.83
22,252,92,4,2024-01-27,1854.32
23,269,467,2,2024-01-22,903.42
24,141,195,2,2024-01-07,924.94
25,313,234,4,2024-01-12,652.44
26,677,88,9,2024-08-18,1969.56
27,900,365,2,2024-01-29,862.6
28,947,67,4,2024-01-13,41.72
29,712,192,6,2024-02-06,710.1
30,944,24,10,2024-03-28,3553.9
31,809,77,6,2024-01-21,1347.66
32,815,144,3,2024-10-13,1033.14
33,215,373,2,2025-02-19,731.68
34,67,86,9,2024-01-29,519.03
35,661,385,9,2024-01-17,549.27
36,476,92,6,2024-10-07,2781.48
37,733,490,8,2025-03-15,174.16
38,944,405,10,2024-02-07,4449.6
39,463,442,4,2024-01-10,1621.56
40,436,456,7,2024-06-18,558.32
41,261,282,2,2024-01-03,251.66
42,303,228,9,2024-01-19,3005.37
43,43,239,9,2024-09-21,655.38
44,443,210,6,2024-06-26,2875.8
45,26,92,8,2024-01-21,3708.64
46,78,184,2,2024-01-17,163.22
47,526,280,2,2023-09-09,668.98
48,122,37,6,2024-01-07,575.7
49,342,101,6,2024-01-24,1424.82
50,836,394,5,2024-01-20,651.35
51,142,438,9,2024-02-10,2929.68
52,289,422,6,2024-07-20,2846.58
53,842,297,1,2023-10-31,194.89
54,887,204,4,2024-01-24,97.36
55,215,243,4,2024-09-22,78.64
56,740,417,8,2024-01-03,834.8
57,321,434,4,2024-08-01,677.44
58,215,225,8,2024-02-05,196.48
59,592,448,3,2024-01-24,116.01
60,10,256,6,2024-01-14,1905.84
61,436,352,7,2024-04-02,2706.48
62,334,301,1,2024-02-05,93.36
63,158,488,6,2025-02-12,2755.98
64,588,444,7,2024-02-13,1493.24
65,66,274,7,2024-01-04,2834.02
66,337,292,8,2023-11-23,402.32
67,107,346,9,2024-01-27,2944.26
68,706,309,8,2024-01-07,2857.12
69,72,467,7,2024-01-08,3161.97
70,299,338,9,2024-01-02,808.56
71,378,266,1,2024-01-28,24.28
72,932,211,7,2024-01-04,1833.86
73,133,275,7,2024-02-07,670.81
74,134,446,4,2024-01-27,540.88
75,727,341,8,2024-01-19,456.72
76,962,159,10,2024-01-23,1520.2
77,702,235,5,2024-01-05,1251.85
78,457,33,7,2024-02-11,1070.72
79,933,292,8,2025-06-24,402.32
80,94,148,8,2024-01-27,2811.68
81,729,406,5,2024-01-27,256.5
82,830,436,3,2024-02-20,1338.36
83,751,222,8,2024-01-22,3777.44
84,188,358,10,2024-01-23,2354.8
85,969,23,4,2024-02-21,1110.48
86,551,150,2,2024-01-09,242.24
87,931,253,7,2024-06-12,1261.33
88,79,387,2,2024-07-24,861.22
89,462,85,5,2024-01-02,369.8
90,474,14,2,2024-09-15,331.76
91,391,176,7,2023-06-11,1062.88
92,257,59,3,2024-01-24,1011.33
93,476,249,8,2024-01-18,3898.48
94,673,125,8,2024-01-27,1274.96
95,286,431,3,2024-01-01,485.25
96,622,52,3,2024-01-18,1037.67
97,760,201,3,2024-01-25,784.8
98,12,347,5,2024-01-12,2272.65
99,183,111,1,2024-08-26,232.95
100,714,25,9,2023-09-14,443.07
101,400,354,5,2023-07-20,779.25
102,791,194,4,2024-01-31,1613.04
103,205,47,1,2024-05-11,430.59
104,841,99,2,2024-01-29,24.48
105,99,409,3,2024-02-17,265.23
106,111,418,6,2024-01-21,1311.54
107,195,320,4,2024-08-12,1328.56
108,124,119,4,2024-01-11,1175.76
109,178,8,7,2024-02-07,741.16
110,470,113,2,2024-02-20,51.46
111,378,23,2,2025-02-03,555.24
112,512,53,9,2025-01-03,194.49
113,176,129,2,2025-05-14,346.24
114,398,348,3,2024-01-21,1035.93
115,780,453,6,2023-08-09,114.78
116,344,10,10,2024-11-05,2955.4
117,656,380,4,2023-06-14,450.48
118,239,11,10,2024-02-08,4277.3
119,756,220,4,2024-02-12,430.2
120,511,152,4,2024-01-07,599.08
121,658,20,4,2024-08-28,930.6
122,757,450,6,2024-01-11,1782.9
123,660,403,1,2025-03-25,309.1
124,833,148,1,2024-01-24,351.46
125,340,176,4,2024-01-02,607.36
126,929,470,4,2024-01-14,731.88
127,623,447,7,2024-02-21,2397.64
128,7,34,8,2024-01-07,577.12
129,54,325,3,2024-02-06,329.49
130,607,282,4,2024-01-03,503.32
131,437,372,8,2024-01-24,3760.72
132,203,126,7,2024-01-08,153.72
133,311,147,10,2024-03-05,1779.7
134,884,401,8,2024-01-12,3552.24
135,408,194,3,2025-02-14,1209.78
136,753,222,3,2023-06-21,1416.54
137,781,196,7,2024-04-03,546.84
138,610,276,3,2024-02-13,1298.46
139,475,157,8,2024-01-18,2037.68
140,621,247,2,2024-01-23,221.8
141,481,101,3,2024-02-17,712.41
142,748,372,6,2024-07-09,2820.54
143,994,381,6,2024-01-10,1109.7
144,657,302,2,2024-02-04,446.46
145,395,478,10,2024-01-25,935.3
146,447,491,5,2024-05-22,634.0
147,522,364,8,2023-07-30,3617.44
148,667,198,7,2024-02-02,476.77
149,944,417,6,2025-05-15,626.1
150,682,331,3,2024-01-15,1251.12
151,967,349,3,2024-01-20,865.74
152,593,488,3,2024-01-25,1377.99
153,95,330,7,2024-01-19,3256.96
154,998,462,2,2024-02-14,140.52
155,170,425,7,2024-01-10,3308.13
156,513,496,9,2024-04-11,2851.47
157,752,211,2,2024-01-19,523.96
158,796,409,6,2024-02-07,530.46
159,953,384,7,2024-02-06,1980.58
160,836,252,1,2024-01-25,143.95
161,714,214,9,2024-02-14,2105.1
162,175,91,6,2024-01-05,554.04
163,203,250,3,2024-02-19,467.07
164,834,109,3,2024-01-24,582.03
165,188,415,4,2024-01-29,597.68
166,893,210,8,2025-03-13,3834.4
167,171,41,5,2024-01-04,2112.5
168,284,33,6,2024-01-08,917.76
169,490,249,2,2024-01-09,974.62
170,770,490,1,2023-07-13,21.77
171,100,109,9,2024-11-14,1746.09
172,986,390,5,2024-05-11,293.25
173,619,220,6,2024-01-29,645.3
174,352,162,4,2024-06-22,269.08
175,626,30,6,2023-06-04,1297.8
176,468,446,7,2023-10-21,946.54
177,27,309,2,2024-02-23,714.28
178,770,418,4,2024-01-20,874.36
179,703,338,8,2023-06-04,718.72
180,654,491,6,2024-01-12,760.8
181,895,24,6,2024-02-16,2132.34
182,410,379,10,2024-09-30,2511.7
183,675,439,2,2024-02-07,762.46
184,730,74,9,2025-06-03,4327.65
185,517,17,3,2024-02-27,214.56
186,690,281,8,2024-01-15,1292.32
187,978,60,8,2024-02-07,1166.96
188,175,386,2,2024-01-23,760.64
189,30,83,6,2024-01-12,744.96
190,737,132,8,2025-04-12,294.88
191,140,473,9,2025-05-09,3434.67
192,341,447,4,2025-02-05,1370.08
193,67,330,6,2024-01-23,2791.68
194,761,377,7,2024-08-21,2966.74
195,828,120,4,2024-01-10,1800.56
196,90,58,2,2024-01-19,94.2
197,960,97,2,2024-02-11,254.46
198,977,195,10,2025-01-25,4624.7
199,549,98,7,2024-06-08,2530.01
200,817,348,3,2024-01-14,1035.93
201,110,203,1,2023-10-27,460.85
202,836,483,5,2024-09-09,841.35
203,151,308,5,2024-01-22,376.35
204,870,411,1,2025-05-06,137.28
205,127,141,10,2024-10-19,2343.6
206,299,361,7,2024-01-26,2457.42
207,342,79,4,2024-01-17,1301.08
208,718,377,1,2024-10-12,423.82
209,745,201,5,2023-11-11,1308.0
210,23,281,7,2024-01-22,1130.78
211,485,179,7,2024-01-17,3131.94
212,745,145,5,2024-02-18,1137.45
213,404,50,3,2024-01-26,1026.24
214,595,444,1,2024-09-11,213.32
215,671,84,10,2024-01-23,193.4
216,495,150,3,2024-01-26,363.36
217,767,101,1,2024-01-28,237.47
218,590,53,3,2024-01-14,64.83
219,696,431,3,2024-02-16,485.25
220,184,484,1,2024-01-17,238.63
221,666,174,10,2024-02-24,533.4
222,414,126,1,2024-01-13,21.96
223,501,155,10,2024-06-19,4892.3
224,795,355,2,2025-03-27,279.78
225,392,141,8,2024-01-04,1874.88
226,120,43,2,2024-11-03,711.5
227,231,12,10,2024-03-07,104.1
228,711,382,2,2024-02-16,350.98
229,661,360,7,2024-01-05,370.58
230,102,167,2,2024-12-02,910.28
231,190,208,1,2024-01-27,273.19
232,550,402,9,2025-01-19,1473.39
233,552,366,2,2024-02-22,69.9
234,920,61,3,2023-06-06,118.29
235,569,229,6,2024-01-05,1523.82
236,589,106,3,2024-01-09,200.61
237,872,386,1,2024-01-04,380.32
238,519,153,6,2024-02-22,180.96
239,1,128,5,2024-01-17,53.35
240,927,401,5,2025-01-11,2220.15
241,503,356,6,2024-05-26,2947.62
242,621,276,9,2024-01-04,3895.38
243,679,420,1,2024-01-07,207.35
244,146,154,4,2024-01-08,764.56
245,606,184,5,2024-01-20,408.05
246,433,39,9,2024-01-13,3713.76
247,666,463,3,2024-02-09,339.96
248,693,218,3,2024-02-24,1024.47
249,276,325,4,2025-03-25,439.32
250,841,262,10,2024-01-27,1408.0
251,158,162,7,2024-01-20,470.89
252,254,40,5,2024-01-04,632.95
253,701,281,7,2024-01-21,1130.78
254,92,186,6,2024-02-26,1938.48
255,232,141,1,2024-01-08,234.36
256,388,488,2,2024-02-17,918.66
257,746,449,5,2023-09-06,681.95
258,542,179,10,2025-02-12,4474.2
259,102,460,1,2024-01-25,114.25
260,399,93,6,2024-11-26,1918.68
261,565,305,7,2024-02-01,2562.63
262,704,263,3,2024-02-19,377.1
263,754,137,1,2024-06-14,141.01
264,725,399,4,2024-09-11,1333.96
265,188,225,6,2024-03-09,147.36
266,976,220,9,2024-01-21,967.95
267,313,326,2,2024-04-16,826.12
268,866,47,2,2024-01-08,861.18
269,968,48,3,2024-02-10,405.36
270,568,476,8,2024-02-14,2851.28
271,694,261,3,2025-04-24,1294.47
272,910,273,2,2023-06-08,777.72
273,732,218,9,2024-02-24,3073.41
274,678,487,9,2024-02-15,3651.84
275,988,87,9,2024-02-12,593.55
276,860,69,9,2024-01-02,3490.11
277,433,254,7,2024-01-04,1554.91
278,347,468,4,2023-09-29,1405.12
279,298,154,8,2024-01-07,1529.12
280,3,378,10,2024-01-30,522.3
281,313,476,9,2024-02-15,3207.69
282,914,317,8,2024-01-01,1189.04
283,631,236,6,2024-01-04,1713.06
284,6,180,3,2024-02-14,977.85
285,504,102,2,2024-07-25,800.68
286,127,468,8,2024-01-25,2810.24
287,673,129,4,2024-06-08,692.48
288,439,457,3,2024-02-15,652.92
289,673,430,8,2024-01-12,1446.72
290,766,223,1,2024-01-28,493.89
291,727,102,2,2024-01-02,800.68
292,137,203,7,2023-11-12,3225.95
293,683,102,8,2023-09-30,3202.72
294,432,251,9,2023-10-09,4314.51
295,333,385,7,2024-07-03,427.21
296,135,57,2,2024-02-12,701.74
297,513,7,4,2024-01-27,927.84
298,351,220,10,2024-03-23,1075.5
299,289,249,2,2024-02-05,974.62
300,747,262,3,2024-01-25,422.4
301,118,443,5,2024-02-27,1254.1
302,440,102,8,2025-05-18,3202.72
303,748,258,10,2024-01-28,2710.3
304,606,323,3,2024-01-05,1483.56
305,411,20,5,2024-08-10,1163.25
306,19,316,4,2024-01-02,1957.88
307,390,209,9,2024-01-21,3844.26
308,237,114,6,2024-02-14,1408.2
309,660,27,5,2024-01-12,1867.15
310,288,483,6,2024-02-02,1009.62
311,187,21,1,2024-01-24,120.61
312,330,109,5,2023-09-12,970.05
313,442,95,5,2024-04-07,1504.65
314,115,50,1,2023-10-12,342.08
315,340,185,6,2025-02-09,1121.82
316,381,122,5,2024-01-13,1224.2
317,90,455,2,2024-01-24,102.24
318,617,62,1,2025-04-01,250.94
319,838,98,4,2023-08-16,1445.72
320,965,280,10,2024-01-24,3344.9
321,486,390,4,2024-02-05,234.6
322,197,215,9,2024-12-25,1371.51
323,999,178,6,2024-08-20,512.82
324,70,248,7,2023-06-23,1316.21
325,171,307,5,2024-02-02,2272.95
326,979,290,1,2025-06-28,383.37
327,835,204,8,2023-08-16,194.72
328,170,225,9,2024-01-25,221.04
329,400,206,10,2024-01-06,434.9
330,4,82,10,2024-01-23,3422.6
331,10,451,9,2024-11-19,597.51
332,266,156,4,2024-01-09,358.68
333,566,61,3,2024-01-18,118.29
334,244,150,1,2024-03-11,121.12
335,950,69,5,2024-02-08,1938.95
336,844,108,9,2024-01-21,1528.2
337,356,324,10,2025-05-23,4244.6
338,906,282,5,2025-02-16,629.15
339,302,167,1,2024-02-12,455.14
340,225,375,5,2024-01-01,1802.25
341,551,337,10,2024-01-24,972.3
342,705,196,5,2024-12-16,390.6
343,212,419,8,2024-01-09,1946.88
344,209,298,7,2024-01-08,3236.31
345,748,372,7,2024-01-29,3290.63
346,491,48,8,2024-01-06,1080.96
347,836,442,3,2024-01-16,1216.17
348,966,374,3,2024-02-06,893.85
349,907,91,7,2024-02-05,646.38
350,74,219,4,2024-07-17,1197.48
351,103,371,9,2024-01-25,1271.25
352,828,7,10,2024-01-13,2319.6
353,22,57,1,2023-07-15,350.87
354,136,128,2,2024-01-21,21.34
355,615,7,1,2024-02-24,231.96
356,838,174,2,2024-01-16,106.68
357,778,289,8,2024-10-03,2938.56
358,159,125,1,2024-02-18,159.37
359,127,11,1,2024-01-10,427.73
360,106,262,7,2024-01-30,985.6
361,230,13,4,2024-02-21,1736.72
362,294,116,7,2023-09-24,1965.95
363,504,87,2,2024-01-10,131.9
364,366,40,10,2024-01-12,1265.9
365,946,474,2,2023-11-30,632.74
366,439,272,6,2023-11-01,2798.76
367,915,342,5,2024-02-04,2219.25
368,278,470,8,2025-05-29,1463.76
369,818,40,1,2025-04-02,126.59
370,151,164,3,2024-01-24,316.86
371,816,403,8,2024-02-14,2472.8
372,983,373,5,2024-01-11,1829.2
373,131,94,7,2024-01-16,346.85
374,435,247,7,2023-10-20,776.3
375,822,484,4,2024-01-18,954.52
376,510,276,9,2024-01-22,3895.38
377,394,43,10,2025-05-11,3557.5
378,831,384,4,2024-02-01,1131.76
379,209,436,1,2024-01-16,446.12
380,981,69,2,2024-01-12,775.58
381,370,435,3,2024-01-05,372.24
382,856,437,9,2024-02-04,3208.77
383,216,424,4,2024-01-05,271.4
384,121,493,3,2024-01-01,170.64
385,713,495,7,2024-01-23,282.66
386,109,340,10,2024-01-27,2218.6
387,609,446,3,2024-01-12,405.66
388,145,41,4,2024-01-19,1690.0
389,852,417,7,2024-01-06,730.45
390,482,381,3,2024-04-02,554.85
391,482,211,6,2023-06-14,1571.88
392,294,57,3,2024-01-21,1052.61
393,33,310,3,2024-02-27,116.37
394,434,349,8,2025-01-06,2308.64
395,514,157,4,2024-02-03,1018.84
396,535,194,3,2023-07-28,1209.78
397,225,201,3,2025-02-09,784.8
398,862,40,8,2024-07-19,1012.72
399,848,195,3,2024-01-12,1387.41
400,663,218,4,2024-01-04,1365.96
401,80,186,10,2024-02-01,3230.8
402,289,84,9,2024-01-07,174.06
403,612,6,5,2024-01-07,2223.8
404,654,476,1,2024-01-03,356.41
405,6,292,10,2024-01-26,502.9
406,496,24,1,2024-01-10,355.39
407,9,183,5,2024-04-18,1845.75
408,770,201,6,2023-09-08,1569.6
409,340,209,9,2024-01-26,3844.26
410,794,77,1,2025-01-21,224.61
411,890,437,1,2024-01-05,356.53
412,699,238,2,2024-02-23,771.14
413,238,453,4,2025-06-05,76.52
414,165,494,9,2025-03-29,4132.71
415,536,477,6,2024-02-10,1936.98
416,369,320,7,2024-01-23,2324.98
417,793,350,7,2024-01-20,1821.54
418,622,39,3,2023-09-08,1237.92
419,825,8,3,2023-08-29,317.64
420,511,49,8,2024-01-30,3016.4
421,303,83,2,2024-01-12,248.32
422,362,46,2,2024-01-25,644.68
423,472,133,8,2024-08-26,1904.16
424,666,474,3,2024-10-12,949.11
425,41,187,5,2025-04-27,498.95
426,133,226,6,2024-04-17,138.66
427,383,43,7,2024-02-22,2490.25
428,44,318,1,2024-02-27,464.09
429,575,5,3,2024-02-06,978.12
430,584,205,2,2024-01-28,177.34
431,474,343,2,2024-01-15,108.42
432,658,274,8,2024-01-06,3238.88
433,750,56,7,2024-02-11,2690.03
434,67,163,6,2025-05-20,1371.18
435,760,244,2,2024-01-02,434.02
436,559,80,8,2024-01-07,144.32
437,328,291,1,2023-08-03,76.69
438,959,414,6,2024-01-05,2816.34
439,56,109,1,2024-03-03,194.01
440,259,326,3,2024-01-03,1239.18
441,281,208,2,2024-01-23,546.38
442,463,447,7,2024-02-21,2397.64
443,189,426,1,2024-01-29,64.06
444,439,176,5,2024-01-12,759.2
445,965,215,8,2023-11-12,1219.12
446,989,357,7,2024-01-23,90.09
447,585,200,1,2023-12-21,381.09
448,80,371,10,2025-06-21,1412.5
449,761,423,6,2024-01-29,1485.18
450,470,479,3,2025-04-21,126.09
451,417,135,9,2023-10-07,1142.37
452,650,231,10,2024-01-07,4412.6
453,764,97,7,2025-02-05,890.61
454,387,111,6,2024-01-07,1397.7
455,996,348,10,2024-06-07,3453.1
456,17,155,5,2025-05-17,2446.15
457,512,333,8,2024-12-07,2652.16
458,437,268,6,2024-01-06,306.78
459,470,220,6,2024-01-20,645.3
460,167,278,7,2024-01-28,914.97
461,676,353,7,2023-09-10,2961.21
462,90,413,2,2024-01-01,464.08
463,632,478,7,2024-01-24,654.71
464,770,320,9,2024-01-15,2989.26
465,516,298,1,2024-01-03,462.33
466,229,398,8,2024-02-16,1654.48
467,974,64,6,2024-07-27,702.06
468,930,421,7,2024-01-12,2074.17
469,801,115,9,2024-01-29,2752.02
470,675,136,5,2024-07-29,1771.95
471,690,124,1,2023-06-16,75.03
472,27,79,6,2025-06-29,1951.62
473,615,163,6,2024-01-19,1371.18
474,441,124,9,2024-02-21,675.27
475,403,425,1,2023-10-10,472.59
476,962,326,7,2024-02-11,2891.42
477,530,82,7,2024-01-23,2395.82
478,821,65,9,2024-01-19,545.49
479,804,201,5,2024-02-11,1308.0
480,209,48,2,2024-01-01,270.24
481,644,395,10,2024-01-20,776.2
482,725,279,2,2024-02-24,380.38
483,134,233,6,2024-01-21,2589.48
484,920,114,5,2024-01-27,1173.5
485,252,372,7,2024-03-08,3290.63
486,85,479,3,2025-01-14,126.09
487,888,53,2,2023-09-18,43.22
488,146,145,5,2024-02-16,1137.45
489,865,186,4,2024-01-16,1292.32
490,815,12,7,2024-01-21,72.87
491,79,108,7,2024-01-11,1188.6
492,649,466,8,2024-02-01,604.24
493,926,92,10,2023-09-29,4635.8
494,1000,176,6,2024-12-11,911.04
495,6,82,9,2023-12-15,3080.34
496,621,16,9,2024-01-17,3809.07
497,780,79,4,2024-02-07,1301.08
498,31,168,3,2024-01-24,658.62
499,709,482,3,2024-01-16,1328.16
500,205,489,2,2024-01-18,633.48
501,668,151,8,2024-11-06,1867.2
502,970,205,4,2024-01-07,354.68
503,704,434,5,2024-02-26,846.8
504,785,301,5,2024-01-07,466.8
505,977,370,8,2025-01-31,2150.96
506,766,140,6,2024-08-13,1142.34
507,205,291,6,2024-01-21,460.14
508,840,33,8,2024-01-02,1223.68
509,982,262,5,2024-02-27,704.0
510,899,331,9,2024-01-01,3753.36
511,118,93,6,2024-02-08,1918.68
512,75,111,6,2024-01-25,1397.7
513,322,63,1,2024-01-01,326.29
514,735,169,4,2024-01-25,643.84
515,576,34,7,2024-01-07,504.98
516,540,112,2,2025-04-18,210.28
517,77,294,7,2024-04-23,2788.73
518,203,101,1,2024-03-08,237.47
519,432,62,2,2025-01-26,501.88
520,393,122,10,2024-01-01,2448.4
521,660,402,10,2024-03-18,1637.1
522,135,431,7,2024-01-18,1132.25
523,941,271,1,2024-01-01,255.12
524,72,241,2,2024-04-04,423.7
525,282,163,6,2024-04-16,1371.18
526,506,314,1,2024-01-23,465.86
527,466,253,2,2023-09-14,360.38
528,30,115,1,2024-02-11,305.78
529,883,353,7,2024-01-03,2961.21
530,196,371,6,2023-06-06,847.5
531,957,353,1,2024-01-26,423.03
532,45,57,1,2024-02-11,350.87
533,705,314,7,2024-01-06,3261.02
534,948,71,10,2024-02-05,4775.4
535,772,300,7,2024-11-16,1541.12
536,541,124,10,2024-03-14,750.3
537,330,396,8,2024-01-09,3811.2
538,785,152,2,2024-01-27,299.54
539,894,125,4,2024-02-16,637.48
540,62,109,1,2024-06-29,194.01
541,193,250,2,2024-01-27,311.38
542,605,390,9,2024-04-15,527.85
543,726,233,3,2024-02-05,1294.74
544,225,470,6,2024-01-15,1097.82
545,889,318,9,2024-01-13,4176.81
546,193,36,5,2025-01-12,2279.8
547,664,53,3,2024-02-04,64.83
548,247,9,8,2024-01-01,3659.76
549,488,339,9,2024-02-18,4299.03
550,87,182,7,2024-01-13,1565.69
551,515,221,9,2024-01-15,3288.15
552,280,190,2,2024-01-13,160.84
553,750,476,7,2024-01-07,2494.87
554,413,91,10,2024-01-20,923.4
555,506,266,7,2024-01-02,169.96
556,662,128,2,2024-01-02,21.34
557,917,19,10,2024-01-03,4314.7
558,545,52,5,2024-01-20,1729.45
559,717,367,7,2024-01-04,2980.74
560,226,376,5,2024-02-07,1006.4
561,356,327,5,2024-02-01,2430.5
562,97,95,9,2025-06-26,2708.37
563,313,437,4,2024-01-22,1426.12
564,72,86,3,2024-01-15,173.01
565,146,493,1,2023-06-22,56.88
566,182,499,5,2024-02-25,1187.3
567,874,5,10,2024-01-16,3260.4
568,598,1,8,2023-07-17,2214.56
569,839,9,10,2024-02-08,4574.7
570,538,258,3,2023-09-11,813.09
571,312,412,6,2024-12-10,2827.56
572,264,340,8,2024-01-15,1774.88
573,14,424,6,2024-01-11,407.1
574,913,266,10,2024-02-17,242.8
575,746,328,1,2024-01-14,47.65
576,877,113,3,2024-01-01,77.19
577,251,296,7,2024-01-24,751.45
578,92,100,7,2025-03-03,3420.41
579,696,279,8,2023-11-27,1521.52
580,272,467,6,2024-08-01,2710.26
581,968,142,5,2024-01-19,317.95
582,533,360,6,2024-02-26,317.64
583,466,291,6,2024-01-01,460.14
584,511,475,3,2024-02-10,1451.94
585,639,286,3,2024-01-10,1240.11
586,67,410,5,2024-01-02,1829.95
587,223,145,10,2024-01-16,2274.9
588,314,3,7,2024-01-27,1657.81
589,1,26,5,2024-01-29,241.65
590,291,403,9,2023-11-06,2781.9
591,977,45,5,2024-01-24,2406.3
592,202,222,10,2024-02-02,4721.8
593,485,478,6,2024-01-22,561.18
594,653,198,7,2024-01-29,476.77
595,101,458,5,2023-11-25,2404.75
596,578,224,6,2024-02-25,377.64
597,205,129,3,2024-02-10,519.36
598,88,153,10,2023-12-05,301.6
599,385,401,7,2024-01-17,3108.21
600,453,356,6,2024-06-01,2947.62
601,480,182,7,2024-09-15,1565.69
602,29,468,9,2024-01-25,3161.52
603,432,46,3,2024-02-04,967.02
604,595,263,6,2024-01-18,754.2
605,922,290,5,2024-01-28,1916.85
606,403,65,7,2024-11-12,424.27
607,472,430,1,2024-01-09,180.84
608,850,333,2,2024-01-04,663.04
609,842,149,10,2023-08-02,2879.5
610,125,380,10,2023-07-25,1126.2
611,719,105,9,2024-01-24,4168.62
612,991,254,3,2024-01-22,666.39
613,656,437,3,2024-01-10,1069.59
614,737,480,1,2023-12-23,429.18
615,118,35,1,2024-01-29,144.86
616,124,267,2,2024-01-04,964.52
617,486,13,9,2024-02-04,3907.62
618,308,208,8,2024-12-11,2185.52
619,267,421,10,2025-02-21,2963.1
620,127,222,3,2024-02-27,1416.54
621,763,337,4,2024-01-24,388.92
622,717,280,4,2024-02-22,1337.96
623,103,492,10,2024-07-05,1260.0
624,396,358,2,2023-10-30,470.96
625,29,146,8,2024-01-13,3497.44
626,12,298,5,2024-01-21,2311.65
627,915,337,10,2024-05-29,972.3
628,986,72,8,2023-06-10,3745.36
629,163,184,9,2024-05-23,734.49
630,925,362,9,2024-01-03,730.17
631,179,336,3,2024-01-24,834.33
632,577,174,8,2024-03-12,426.72
633,804,391,5,2024-02-27,351.3
634,661,248,7,2023-12-02,1316.21
635,590,363,9,2023-10-11,3484.44
636,715,166,10,2025-02-22,2503.3
637,850,207,2,2024-01-28,721.5
638,751,82,4,2024-01-04,1369.04
639,512,479,8,2024-01-08,336.24
640,791,414,4,2024-01-29,1877.56
641,179,373,7,2023-08-05,2560.88
642,64,314,5,2024-01-28,2329.3
643,768,38,8,2023-07-01,3459.12
644,946,90,6,2024-01-15,1803.66
645,387,69,10,2024-02-16,3877.9
646,449,348,5,2024-01-24,1726.55
647,166,223,9,2024-02-19,4445.01
648,25,323,2,2024-01-26,989.04
649,144,458,1,2024-01-14,480.95
650,582,280,2,2024-01-22,668.98
651,748,491,9,2025-01-05,1141.2
652,848,243,9,2024-01-20,176.94
653,922,287,3,2025-03-02,1391.94
654,386,448,2,2024-02-17,77.34
655,306,52,2,2024-02-18,691.78
656,339,12,4,2024-02-27,41.64
657,258,200,6,2024-01-28,2286.54
658,162,496,5,2024-01-19,1584.15
659,248,437,9,2024-07-13,3208.77
660,634,30,9,2024-02-16,1946.7
661,960,470,5,2024-02-14,914.85
662,268,103,6,2024-02-07,2772.66
663,561,419,6,2023-08-03,1460.16
664,242,253,2,2025-02-14,360.38
665,720,428,1,2024-01-03,397.69
666,973,214,10,2024-12-16,2339.0
667,491,485,3,2024-01-02,360.09
668,107,19,8,2024-08-15,3451.76
669,490,156,4,2024-01-02,358.68
670,27,397,4,2025-04-29,1549.48
671,701,378,1,2024-02-25,52.23
672,387,357,3,2023-10-20,38.61
673,119,225,2,2024-06-11,49.12
674,361,100,6,2024-02-08,2931.78
675,95,302,1,2024-01-24,223.23
676,771,455,9,2023-06-16,460.08
677,895,369,4,2024-02-05,1198.44
678,450,93,5,2024-01-12,1598.9
679,617,336,4,2024-02-13,1112.44
680,491,337,2,2024-02-18,194.46
681,211,254,6,2024-08-28,1332.78
682,731,155,6,2024-02-21,2935.38
683,251,270,5,2024-01-18,1824.35
684,516,54,1,2024-01-14,419.37
685,723,487,10,2024-02-05,4057.6
686,862,500,9,2024-01-24,4224.78
687,567,108,2,2024-01-27,339.6
688,807,73,1,2025-03-27,319.81
689,783,233,2,2024-01-27,863.16
690,35,139,5,2023-08-26,1201.9
691,62,143,10,2024-01-01,4387.5
692,884,196,7,2024-02-13,546.84
693,189,338,7,2023-07-03,628.88
694,555,391,6,2024-05-10,421.56
695,945,425,5,2023-06-29,2362.95
696,350,372,10,2025-06-16,4700.9
697,951,377,1,2025-06-08,423.82
698,955,348,5,2024-09-17,1726.55
699,435,294,10,2024-02-13,3983.9
700,479,382,4,2024-01-01,701.96
701,288,410,5,2024-01-08,1829.95
702,790,278,5,2024-01-13,653.55
703,40,316,5,2024-01-22,2447.35
704,257,401,10,2024-01-10,4440.3
705,583,339,6,2024-08-28,2866.02
706,474,9,8,2024-01-02,3659.76
707,990,184,8,2024-07-23,652.88
708,60,297,2,2024-01-20,389.78
709,565,161,2,2024-02-26,737.0
710,283,133,8,2024-01-21,1904.16
711,179,76,10,2024-02-21,4492.7
712,40,95,9,2023-07-13,2708.37
713,567,368,4,2024-01-23,1998.08
714,266,500,5,2024-01-28,2347.1
715,879,435,6,2024-02-08,744.48
716,359,56,2,2024-02-03,768.58
717,243,105,6,2025-04-28,2779.08
718,426,37,7,2024-02-11,671.65
719,622,404,6,2024-01-14,2669.46
720,919,334,6,2025-02-26,2999.46
721,32,83,6,2024-01-30,744.96
722,154,467,10,2024-01-20,4517.1
723,217,414,6,2024-11-02,2816.34
724,803,298,6,2025-01-17,2773.98
725,34,337,3,2024-01-21,291.69
726,81,490,2,2024-12-30,43.54
727,516,295,9,2023-10-03,678.78
728,868,450,9,2025-04-06,2674.35
729,538,267,8,2024-01-07,3858.08
730,857,295,5,2024-06-05,377.1
731,237,234,6,2024-02-08,978.66
732,456,376,7,2024-01-12,1408.96
733,574,259,2,2025-02-09,78.68
734,236,230,7,2024-01-27,3018.68
735,847,65,9,2024-01-30,545.49
736,418,346,10,2024-03-20,3271.4
737,350,161,2,2024-01-14,737.0
738,518,76,10,2023-12-20,4492.7
739,922,93,8,2024-01-04,2558.24
740,429,135,9,2023-09-12,1142.37
741,130,446,1,2024-02-06,135.22
742,75,68,9,2024-08-06,4079.34
743,363,66,7,2024-02-10,2735.95
744,122,173,6,2025-06-09,2610.54
745,47,38,6,2025-03-07,2594.34
746,461,380,7,2024-01-16,788.34
747,717,69,3,2024-11-03,1163.37
748,86,78,1,2025-03-26,498.23
749,465,195,6,2025-01-23,2774.82
750,287,484,2,2024-01-16,477.26
751,350,25,10,2024-11-02,492.3
752,865,476,7,2024-01-13,2494.87
753,327,388,3,2024-02-24,275.55
754,904,375,4,2024-02-20,1441.8
755,322,51,6,2024-01-04,2505.18
756,295,141,8,2024-03-22,1874.88
757,962,470,5,2024-01-24,914.85
758,683,143,3,2024-01-18,1316.25
759,859,261,3,2024-01-29,1294.47
760,41,492,9,2024-02-16,1134.0
761,853,422,1,2024-01-10,474.43
762,965,486,10,2023-10-08,125.3
763,851,233,5,2023-10-01,2157.9
764,456,456,7,2024-02-05,558.32
765,286,375,2,2024-01-14,720.9
766,745,39,6,2024-01-11,2475.84
767,283,233,9,2024-02-23,3884.22
768,323,457,1,2024-11-15,217.64
769,326,98,9,2023-07-07,3252.87
770,972,325,1,2024-01-19,109.83
771,386,447,4,2024-02-05,1370.08
772,497,417,3,2024-02-07,313.05
773,651,449,2,2024-01-06,272.78
774,4,223,2,2025-05-28,987.78
775,183,20,7,2025-03-08,1628.55
776,598,121,6,2023-12-02,2216.4
777,899,154,4,2024-10-14,764.56
778,816,323,7,2024-03-29,3461.64
779,99,113,2,2024-03-21,51.46
780,430,497,8,2024-01-22,1236.08
781,436,60,3,2023-09-25,437.61
782,356,357,7,2024-10-08,90.09
783,861,413,8,2023-06-30,1856.32
784,298,138,9,2024-01-28,1612.44
785,802,210,1,2025-04-22,479.3
786,326,211,7,2024-02-22,1833.86
787,935,28,5,2024-02-21,815.6
788,839,24,5,2024-02-06,1776.95
789,549,106,2,2024-05-03,133.74
790,133,310,9,2024-01-24,349.11
791,22,411,7,2024-01-23,960.96
792,342,468,6,2025-04-01,2107.68
793,51,266,4,2024-01-07,97.12
794,161,430,9,2024-01-23,1627.56
795,235,149,3,2024-01-07,863.85
796,567,376,4,2024-02-01,805.12
797,774,482,9,2024-01-13,3984.48
798,811,249,1,2024-01-10,487.31
799,25,118,4,2024-01-24,587.16
800,127,417,7,2024-02-24,730.45
801,898,139,2,2024-01-17,480.76
802,740,361,7,2024-01-24,2457.42
803,851,278,10,2024-02-19,1307.1
804,812,201,4,2024-04-27,1046.4
805,436,263,1,2024-01-15,125.7
806,208,52,5,2024-06-20,1729.45
807,299,220,2,2024-01-14,215.1
808,575,143,8,2024-01-23,3510.0
809,547,260,4,2024-01-16,1503.0
810,746,202,6,2024-09-06,187.26
811,230,296,1,2024-01-08,107.35
812,458,190,8,2024-05-06,643.36
813,148,415,2,2024-01-06,298.84
814,213,443,8,2024-02-13,2006.56
815,632,430,8,2024-01-25,1446.72
816,61,393,8,2024-01-10,414.08
817,759,173,3,2024-01-23,1305.27
818,579,307,7,2024-02-07,3182.13
819,774,288,8,2025-03-29,2818.08
820,242,165,8,2025-06-27,2190.56
821,751,42,2,2024-02-05,410.76
822,776,7,3,2024-02-07,695.88
823,449,446,2,2024-01-14,270.44
824,508,88,9,2024-12-12,1969.56
825,429,205,1,2024-01-14,88.67
826,302,369,5,2024-06-15,1498.05
827,578,333,3,2024-01-17,994.56
828,702,105,10,2025-02-09,4631.8
829,258,242,8,2024-01-11,2402.72
830,950,383,3,2024-01-23,744.96
831,850,243,1,2024-01-06,19.66
832,154,241,2,2024-02-23,423.7
833,193,103,2,2023-08-02,924.22
834,640,240,10,2024-01-12,1772.2
835,652,287,4,2024-01-01,1855.92
836,951,99,5,2024-01-30,61.2
837,889,219,10,2024-07-17,2993.7
838,957,131,9,2023-08-19,3563.73
839,607,79,2,2024-02-09,650.54
840,578,53,3,2024-06-27,64.83
841,339,295,10,2025-06-24,754.2
842,893,316,8,2024-01-01,3915.76
843,803,119,4,2024-01-26,1175.76
844,630,76,3,2024-01-28,1347.81
845,1,166,2,2024-02-17,500.66
846,827,226,7,2024-10-25,161.77
847,779,61,4,2024-06-29,157.72
848,724,243,6,2024-01-17,117.96
849,325,272,2,2023-11-18,932.92
850,969,325,5,2024-12-25,549.15
851,453,251,5,2024-08-19,2396.95
852,668,179,3,2024-01-12,1342.26
853,876,239,6,2024-02-18,436.92
854,898,472,4,2024-01-06,1875.04
855,956,383,1,2024-01-12,248.32
856,539,100,1,2024-06-12,488.63
857,938,130,9,2023-07-05,3168.45
858,663,141,8,2024-01-23,1874.88
859,722,130,5,2023-07-02,1760.25
860,884,368,8,2024-10-15,3996.16
861,178,243,9,2024-02-01,176.94
862,628,458,3,2024-02-05,1442.85
863,85,215,2,2024-01-21,304.78
864,728,32,6,2024-01-18,1451.1
865,285,437,4,2024-05-06,1426.12
866,858,345,6,2024-02-19,2048.76
867,740,484,6,2024-07-17,1431.78
868,427,429,1,2024-01-27,445.64
869,780,257,3,2024-02-15,1001.4
870,46,142,10,2024-01-17,635.9
871,420,89,1,2024-01-18,292.22
872,360,61,6,2023-08-28,236.58
873,580,477,8,2024-01-30,2582.64
874,93,94,2,2024-01-19,99.1
875,642,495,1,2024-01-09,40.38
876,654,192,8,2024-01-24,946.8
877,966,127,5,2023-12-13,1043.15
878,766,387,3,2024-01-13,1291.83
879,723,147,3,2024-01-19,533.91
880,324,212,4,2024-02-07,1058.68
881,182,152,5,2024-02-16,748.85
882,364,297,6,2024-01-21,1169.34
883,536,231,3,2024-01-27,1323.78
884,600,198,3,2024-02-23,204.33
885,445,178,5,2024-01-23,427.35
886,992,258,9,2023-09-01,2439.27
887,526,396,4,2024-01-15,1905.6
888,268,17,2,2024-09-29,143.04
889,144,240,10,2024-01-19,1772.2
890,387,338,10,2023-09-16,898.4
891,645,184,1,2024-01-16,81.61
892,343,173,2,2024-01-12,870.18
893,314,84,8,2024-08-23,154.72
894,829,316,8,2025-06-18,3915.76
895,409,243,4,2024-01-12,78.64
896,616,173,8,2024-01-26,3480.72
897,782,479,9,2024-01-14,378.27
898,793,138,10,2024-02-17,1791.6
899,171,473,5,2024-11-18,1908.15
900,204,488,10,2024-02-11,4593.3
901,808,492,1,2023-10-23,126.0
902,821,178,8,2024-01-15,683.76
903,1,338,3,2024-01-06,269.52
904,309,158,2,2024-01-28,555.22
905,209,224,2,2024-02-18,125.88
906,866,398,6,2024-01-06,1240.86
907,353,52,8,2024-01-04,2767.12
908,935,242,7,2023-09-07,2102.38
909,397,66,6,2024-02-25,2345.1
910,335,460,5,2024-08-08,571.25
911,612,202,9,2024-01-16,280.89
912,686,380,10,2024-01-29,1126.2
913,624,92,4,2024-01-11,1854.32
914,514,422,1,2023-08-19,474.43
915,662,118,3,2024-02-10,440.37
916,446,48,6,2024-01-06,810.72
917,436,78,5,2024-01-22,2491.15
918,841,247,1,2024-01-14,110.9
919,184,84,7,2024-09-19,135.38
920,826,43,6,2024-02-13,2134.5
921,823,414,1,2024-01-05,469.39
922,589,260,7,2024-02-21,2630.25
923,983,344,7,2024-02-14,1531.25
924,265,380,2,2024-09-04,225.24
925,515,191,8,2024-06-08,1980.8
926,115,403,3,2024-06-27,927.3
927,892,346,2,2024-01-11,654.28
928,971,479,10,2024-01-17,420.3
929,833,315,8,2023-07-11,2159.28
930,125,445,8,2024-02-20,436.8
931,703,190,5,2023-06-25,402.1
932,556,137,3,2024-01-14,423.03
933,18,229,6,2024-01-02,1523.82
934,611,58,6,2024-07-10,282.6
935,255,90,2,2024-02-05,601.22
936,649,253,7,2024-09-12,1261.33
937,706,317,4,2025-06-20,594.52
938,841,269,10,2024-02-12,2094.3
939,40,76,10,2023-09-12,4492.7
940,392,263,2,2024-01-21,251.4
941,768,155,7,2024-02-24,3424.61
942,264,370,2,2023-09-28,537.74
943,813,99,10,2024-01-10,122.4
944,631,264,9,2024-02-26,3604.95
945,51,192,10,2024-08-21,1183.5
946,282,383,3,2024-01-22,744.96
947,47,310,7,2024-03-06,271.53
948,6,209,4,2024-01-14,1708.56
949,673,67,5,2024-01-20,52.15
950,810,500,6,2024-01-08,2816.52
951,19,364,6,2024-01-20,2713.08
952,295,373,10,2025-03-12,3658.4
953,610,169,9,2024-01-30,1448.64
954,572,7,6,2024-01-12,1391.76
955,843,228,3,2024-01-02,1001.79
956,546,358,3,2024-02-02,706.44
957,677,437,10,2024-12-26,3565.3
958,354,43,4,2024-04-07,1423.0
959,299,385,6,2023-11-07,366.18
960,640,300,3,2024-07-30,660.48
961,784,12,5,2024-01-27,52.05
962,385,472,9,2024-01-20,4218.84
963,972,436,2,2024-01-07,892.24
964,217,57,10,2024-01-28,3508.7
965,163,393,7,2024-01-09,362.32
966,429,462,10,2024-01-25,702.6
967,372,323,2,2025-03-10,989.04
968,781,326,6,2024-01-17,2478.36
969,880,207,8,2024-02-15,2886.0
970,161,474,3,2024-02-27,949.11
971,343,391,8,2023-09-09,562.08
972,393,298,7,2025-03-13,3236.31
973,30,317,4,2024-01-20,594.52
974,516,42,10,2023-06-24,2053.8
975,333,313,4,2024-01-21,120.6
976,484,351,2,2024-02-20,577.1
977,905,405,7,2023-11-13,3114.72
978,469,189,4,2024-01-30,1389.16
979,730,472,4,2024-01-10,1875.04
980,67,458,1,2024-01-15,480.95
981,471,126,10,2024-02-06,219.6
982,997,237,9,2024-05-05,2271.6
983,894,472,3,2024-01-24,1406.28
984,986,36,1,2024-07-21,455.96
985,888,267,8,2024-02-14,3858.08
986,981,134,9,2024-01-25,3198.51
987,622,332,9,2025-06-13,1277.73
988,62,150,7,2023-07-11,847.84
989,373,205,9,2023-10-06,798.03
990,107,75,5,2023-09-23,482.7
991,740,87,6,2024-02-04,395.7
992,815,248,4,2024-01-11,752.12
993,658,356,2,2024-02-06,982.54
994,776,134,6,2024-01-15,2132.34
995,339,404,8,2025-01-29,3559.28
996,37,390,3,2024-01-10,175.95
997,27,114,6,2024-04-10,1408.2
998,968,367,3,2025-05-31,1277.46
999,451,345,5,2024-01-26,1707.3
1000,712,66,3,2024-02-19,1172.55
1001,653,117,1,2023-10-30,249.71
1002,599,7,5,2024-01-17,1159.8
1003,764,446,9,2023-11-22,1216.98
1004,996,177,3,2024-11-17,476.76
1005,384,194,8,2024-10-06,3226.08
1006,180,248,7,2024-01-03,1316.21
1007,351,116,5,2024-01-05,1404.25
1008,285,312,2,2024-09-13,627.26
1009,584,468,1,2024-11-18,351.28
1010,920,117,4,2024-01-02,998.84
1011,409,321,2,2024-03-04,245.26
1012,567,493,9,2023-08-21,511.92
1013,994,409,1,2024-02-06,88.41
1014,263,409,3,2024-02-06,265.23
1015,234,354,8,2024-01-20,1246.8
1016,273,283,5,2024-01-07,1012.8
1017,751,426,2,2024-02-10,128.12
1018,63,107,4,2024-01-25,678.92
1019,596,245,8,2024-01-29,2384.88
1020,801,27,6,2024-02-16,2240.58
1021,120,227,2,2024-02-19,169.68
1022,221,307,8,2024-01-01,3636.72
1023,596,221,2,2025-03-20,730.7
1024,200,302,10,2024-02-13,2232.3
1025,773,209,10,2024-01-21,4271.4
1026,181,169,9,2024-02-21,1448.64
1027,307,136,9,2024-01-09,3189.51
1028,695,288,9,2024-01-15,3170.34
1029,115,388,3,2024-11-03,275.55
1030,482,254,3,2024-01-25,666.39
1031,443,345,5,2024-01-28,1707.3
1032,454,176,9,2024-02-04,1366.56
1033,782,119,4,2024-01-10,1175.76
1034,328,393,9,2025-02-14,465.84
1035,216,293,3,2024-01-07,1158.39
1036,785,203,3,2023-11-08,1382.55
1037,334,490,9,2024-07-31,195.93
1038,799,372,5,2024-01-09,2350.45
1039,484,479,5,2024-01-10,210.15
1040,342,373,6,2024-04-11,2195.04
1041,436,289,7,2024-02-13,2571.24
1042,57,496,7,2024-01-26,2217.81
1043,144,500,8,2024-02-23,3755.36
1044,208,107,5,2024-01-12,848.65
1045,25,165,7,2024-12-25,1916.74
1046,757,103,4,2024-03-07,1848.44
1047,110,39,4,2024-01-24,1650.56
1048,492,483,10,2023-07-18,1682.7
1049,800,338,7,2024-10-11,628.88
1050,256,144,10,2024-02-02,3443.8
1051,655,176,5,2024-03-18,759.2
1052,114,242,3,2024-02-25,901.02
1053,751,212,3,2025-01-08,794.01
1054,205,288,2,2024-12-11,704.52
1055,782,339,5,2025-05-07,2388.35
1056,23,72,2,2025-06-26,936.34
1057,322,491,6,2024-01-06,760.8
1058,189,165,8,2024-01-12,2190.56
1059,342,102,5,2024-01-24,2001.7
1060,956,12,3,2024-01-14,31.23
1061,438,203,8,2023-08-01,3686.8
1062,935,263,6,2024-01-14,754.2
1063,33,492,9,2024-12-03,1134.0
1064,504,145,10,2024-01-03,2274.9
1065,753,39,10,2024-01-18,4126.4
1066,800,58,9,2024-01-17,423.9
1067,867,436,2,2025-03-27,892.24
1068,196,385,2,2024-03-10,122.06
1069,477,232,3,2024-02-21,583.2
1070,590,174,8,2024-08-16,426.72
1071,911,11,7,2024-02-27,2994.11
1072,400,10,1,2024-01-14,295.54
1073,155,133,4,2024-11-27,952.08
1074,469,335,4,2024-05-29,1611.04
1075,915,451,10,2024-01-25,663.9
1076,152,106,5,2024-01-01,334.35
1077,547,309,1,2023-08-10,357.14
1078,336,446,6,2023-12-24,811.32
1079,311,84,7,2024-02-07,135.38
1080,791,182,1,2024-01-29,223.67
1081,968,226,2,2024-08-28,46.22
1082,889,381,4,2024-01-15,739.8
1083,450,205,4,2024-01-13,354.68
1084,605,418,2,2024-01-06,437.18
1085,519,468,10,2024-02-25,3512.8
1086,215,62,8,2024-04-20,2007.52
1087,426,98,4,2024-06-03,1445.72
1088,490,131,9,2024-01-15,3563.73
1089,17,4,7,2023-09-11,308.77
1090,364,185,5,2025-03-29,934.85
1091,308,118,2,2024-09-25,293.58
1092,17,488,5,2023-07-17,2296.65
1093,145,434,4,2024-01-01,677.44
1094,132,266,3,2024-01-16,72.84
1095,781,20,1,2024-02-24,232.65
1096,677,151,6,2024-08-03,1400.4
1097,177,90,9,2025-04-15,2705.49
1098,186,187,2,2024-02-07,199.58
1099,314,207,6,2024-02-11,2164.5
1100,30,402,1,2024-01-29,163.71
1101,482,18,3,2024-02-13,997.14
1102,781,307,9,2024-01-04,4091.31
1103,16,179,4,2024-01-03,1789.68
1104,116,496,8,2024-12-01,2534.64
1105,451,69,10,2024-02-16,3877.9
1106,481,461,5,2024-01-22,1358.5
1107,553,188,10,2024-02-16,4375.0
1108,767,426,10,2024-01-08,640.6
1109,528,67,3,2024-01-03,31.29
1110,762,49,7,2024-01-20,2639.35
1111,108,128,4,2024-01-24,42.68
1112,676,155,6,2025-01-25,2935.38
1113,533,265,10,2024-02-05,2237.1
1114,336,217,6,2023-07-06,1505.46
1115,766,464,7,2023-12-04,3430.14
1116,15,74,1,2024-02-13,480.85
1117,331,6,10,2023-12-10,4447.6
1118,644,446,10,2024-09-07,1352.2
1119,637,135,9,2025-04-02,1142.37
1120,787,264,6,2024-01-29,2403.3
1121,191,131,6,2024-12-14,2375.82
1122,468,340,2,2024-11-13,443.72
1123,270,33,6,2024-02-18,917.76
1124,130,49,4,2023-10-02,1508.2
1125,564,365,5,2024-01-12,2156.5
1126,315,232,7,2024-10-29,1360.8
1127,187,204,9,2024-01-27,219.06
1128,697,114,1,2024-01-24,234.7
1129,363,270,10,2024-11-25,3648.7
1130,538,25,9,2024-01-08,443.07
1131,711,485,9,2024-01-06,1080.27
1132,103,349,3,2024-01-18,865.74
1133,864,477,3,2024-08-08,968.49
1134,879,104,5,2024-01-13,869.0
1135,304,200,9,2024-09-22,3429.81
1136,330,70,5,2024-01-09,1963.3
1137,726,285,5,2024-01-24,2204.7
1138,628,305,2,2024-01-14,732.18
1139,144,74,8,2024-02-04,3846.8
1140,401,403,3,2023-12-16,927.3
1141,255,428,6,2024-01-09,2386.14
1142,144,458,7,2024-01-24,3366.65
1143,600,484,3,2024-01-05,715.89
1144,689,142,6,2024-01-04,381.54
1145,534,160,9,2024-01-21,3302.91
1146,613,242,4,2024-02-04,1201.36
1147,555,381,10,2024-02-25,1849.5
1148,933,369,6,2023-07-12,1797.66
1149,391,430,5,2024-01-15,904.2
1150,437,300,3,2024-10-11,660.48
1151,777,150,4,2024-02-24,484.48
1152,618,492,10,2024-02-22,1260.0
1153,507,429,7,2024-03-13,3119.48
1154,863,371,5,2024-05-02,706.25
1155,430,342,5,2024-02-04,2219.25
1156,731,413,8,2024-01-16,1856.32
1157,227,303,7,2024-02-25,766.78
1158,847,363,8,2024-06-19,3097.28
1159,622,266,7,2024-01-04,169.96
1160,605,430,2,2024-02-25,361.68
1161,245,185,10,2024-08-05,1869.7
1162,835,202,1,2024-01-26,31.21
1163,451,437,8,2024-07-13,2852.24
1164,833,413,7,2024-02-19,1624.28
1165,186,13,6,2024-01-30,2605.08
1166,423,411,1,2024-02-15,137.28
1167,368,420,6,2024-01-08,1244.1
1168,284,229,1,2024-01-23,253.97
1169,651,135,3,2024-01-25,380.79
1170,885,281,6,2023-11-24,969.24
1171,865,256,2,2024-01-20,635.28
1172,552,379,4,2024-01-10,1004.68
1173,104,469,2,2024-10-22,658.24
1174,655,96,7,2024-01-28,777.14
1175,725,249,6,2024-01-15,2923.86
1176,918,186,3,2023-09-23,969.24
1177,195,298,5,2024-12-25,2311.65
1178,304,388,9,2025-05-13,826.65
1179,78,102,2,2024-01-20,800.68
1180,937,449,7,2024-02-11,954.73
1181,546,182,7,2024-01-13,1565.69
1182,107,433,5,2024-04-27,1179.3
1183,231,227,1,2024-01-05,84.84
1184,684,141,1,2024-01-11,234.36
1185,252,449,4,2023-10-27,545.56
1186,13,152,4,2024-10-07,599.08
1187,859,225,7,2023-12-14,171.92
1188,423,96,9,2024-07-01,999.18
1189,765,134,6,2024-02-12,2132.34
1190,374,461,4,2024-01-12,1086.8
1191,79,491,3,2024-01-27,380.4
1192,720,127,9,2024-02-26,1877.67
1193,520,363,8,2024-02-27,3097.28
1194,619,117,6,2024-12-19,1498.26
1195,841,115,8,2024-01-27,2446.24
1196,55,236,10,2023-08-06,2855.1
1197,977,88,1,2023-07-29,218.84
1198,918,178,8,2024-02-22,683.76
1199,363,34,5,2025-06-15,360.7
1200,29,366,10,2023-10-15,349.5
1201,406,111,8,2024-01-23,1863.6
1202,691,156,6,2024-01-26,538.02
1203,897,261,7,2024-01-18,3020.43
1204,698,301,6,2023-07-25,560.16
1205,730,387,6,2023-08-12,2583.66
1206,629,33,9,2024-02-07,1376.64
1207,255,308,3,2024-02-16,225.81
1208,747,62,6,2024-01-13,1505.64
1209,588,359,7,2024-09-28,2859.01
1210,142,434,6,2024-01-10,1016.16
1211,364,91,7,2023-12-06,646.38
1212,267,206,4,2024-01-21,173.96
1213,649,42,6,2024-02-09,1232.28
1214,21,451,10,2024-01-18,663.9
1215,61,350,6,2024-01-01,1561.32
1216,987,271,1,2024-01-13,255.12
1217,314,15,10,2023-11-24,1135.0
1218,194,326,10,2024-05-19,4130.6
1219,100,447,3,2024-08-25,1027.56
1220,724,434,3,2024-08-29,508.08
1221,32,319,1,2023-10-02,164.62
1222,827,479,5,2024-02-22,210.15
1223,185,303,9,2024-01-04,985.86
1224,510,99,10,2024-01-20,122.4
1225,943,173,8,2024-07-03,3480.72
1226,803,230,2,2024-02-08,862.48
1227,375,73,4,2024-07-18,1279.24
1228,43,184,1,2025-04-06,81.61
1229,725,387,10,2024-01-17,4306.1
1230,94,340,6,2025-05-20,1331.16
1231,545,268,7,2024-03-16,357.91
1232,329,70,8,2024-02-21,3141.28
1233,437,207,7,2024-01-16,2525.25
1234,25,252,2,2024-01-16,287.9
1235,625,200,5,2024-03-21,1905.45
1236,790,351,1,2024-02-03,288.55
1237,315,457,10,2023-11-25,2176.4
1238,657,161,1,2024-02-10,368.5
1239,395,97,6,2024-02-27,763.38
1240,701,448,7,2023-11-30,270.69
1241,521,190,1,2024-02-06,80.42
1242,914,114,6,2024-01-07,1408.2
1243,508,106,10,2024-02-13,668.7
1244,211,461,2,2024-02-08,543.4
1245,676,417,6,2024-01-20,626.1
1246,381,470,7,2024-01-05,1280.79
1247,614,127,10,2024-08-06,2086.3
1248,697,293,5,2024-01-29,1930.65
1249,670,378,5,2024-02-27,261.15
1250,424,194,5,2024-02-25,2016.3
1251,500,130,10,2024-01-23,3520.5
1252,405,22,8,2024-01-23,3399.44
1253,229,37,2,2024-01-29,191.9
1254,811,251,2,2024-01-11,958.78
1255,172,484,5,2025-05-12,1193.15
1256,408,146,9,2024-01-28,3934.62
1257,584,134,2,2023-12-24,710.78
1258,974,45,9,2024-02-17,4331.34
1259,37,241,8,2024-01-08,1694.8
1260,39,427,7,2024-01-25,473.83
1261,711,413,2,2024-01-20,464.08
1262,380,225,3,2025-04-09,73.68
1263,957,258,4,2023-07-15,1084.12
1264,583,8,3,2024-01-09,317.64
1265,944,90,6,2023-07-28,1803.66
1266,401,195,3,2024-01-17,1387.41
1267,189,322,4,2024-01-24,895.4
1268,450,13,8,2024-01-08,3473.44
1269,617,271,5,2024-02-11,1275.6
1270,59,58,2,2025-02-23,94.2
1271,738,87,6,2024-01-05,395.7
1272,924,54,4,2024-01-01,1677.48
1273,577,30,7,2024-02-08,1514.1
1274,781,322,1,2024-02-21,223.85
1275,844,467,8,2024-03-16,3613.68
1276,703,316,7,2025-04-30,3426.29
1277,503,314,5,2024-01-21,2329.3
1278,466,246,3,2024-01-16,871.62
1279,148,147,3,2024-02-19,533.91
1280,904,83,6,2024-04-03,744.96
1281,148,22,8,2024-01-19,3399.44
1282,412,65,6,2024-01-13,363.66
1283,432,453,7,2024-07-02,133.91
1284,475,187,6,2024-01-13,598.74
1285,137,371,9,2024-01-07,1271.25
1286,730,98,10,2024-01-28,3614.3
1287,747,338,10,2024-01-15,898.4
1288,562,442,7,2024-01-10,2837.73
1289,219,202,3,2024-09-06,93.63
1290,308,464,10,2024-02-11,4900.2
1291,565,456,3,2024-08-16,239.28
1292,185,483,8,2024-01-07,1346.16
1293,396,291,3,2024-01-24,230.07
1294,697,289,3,2023-12-20,1101.96
1295,155,211,6,2023-10-12,1571.88
1296,781,477,8,2024-01-30,2582.64
1297,782,314,9,2025-04-23,4192.74
1298,100,403,2,2024-01-01,618.2
1299,943,442,1,2024-01-03,405.39
1300,321,477,6,2024-01-05,1936.98
1301,981,110,5,2024-04-19,183.15
1302,598,464,8,2024-03-23,3920.16
1303,311,52,9,2024-01-29,3113.01
1304,156,84,7,2024-01-30,135.38
1305,634,210,3,2025-05-17,1437.9
1306,288,354,4,2023-10-29,623.4
1307,932,228,2,2024-02-13,667.86
1308,485,195,8,2024-01-01,3699.76
1309,601,353,6,2023-12-04,2538.18
1310,459,458,1,2025-01-01,480.95
1311,353,454,6,2023-08-10,1975.56
1312,182,70,10,2024-01-13,3926.6
1313,939,77,2,2025-04-15,449.22
1314,202,493,6,2024-01-26,341.28
1315,972,403,2,2024-01-26,618.2
1316,507,9,10,2023-11-21,4574.7
1317,374,436,5,2024-01-09,2230.6
1318,533,463,1,2023-07-24,113.32
1319,665,123,5,2024-01-14,253.55
1320,346,21,5,2024-09-12,603.05
1321,676,42,6,2024-02-20,1232.28
1322,11,377,10,2024-01-13,4238.2
1323,205,464,8,2024-01-02,3920.16
1324,712,345,5,2024-11-06,1707.3
1325,875,402,7,2024-05-20,1145.97
1326,737,134,9,2024-01-10,3198.51
1327,274,43,8,2024-02-22,2846.0
1328,936,164,9,2024-02-05,950.58
1329,826,391,2,2024-01-06,140.52
1330,383,34,3,2024-02-03,216.42
1331,885,39,1,2024-05-15,412.64
1332,892,466,10,2024-01-19,755.3
1333,642,495,8,2025-04-11,323.04
1334,109,314,2,2024-01-05,931.72
1335,205,471,2,2024-01-23,193.64
1336,975,47,1,2024-01-02,430.59
1337,52,368,2,2024-01-21,999.04
1338,543,99,8,2024-10-20,97.92
1339,620,362,3,2025-01-27,243.39
1340,886,441,1,2023-08-21,144.73
1341,181,499,4,2024-01-29,949.84
1342,556,295,4,2023-08-17,301.68
1343,193,96,6,2024-02-13,666.12
1344,651,429,10,2024-01-14,4456.4
1345,519,328,5,2024-01-09,238.25
1346,845,177,4,2025-04-30,635.68
1347,258,145,3,2024-01-03,682.47
1348,506,177,1,2023-08-21,158.92
1349,691,392,8,2024-01-24,105.84
1350,691,46,6,2024-06-05,1934.04
1351,715,349,10,2024-02-09,2885.8
1352,745,430,6,2024-10-04,1085.04
1353,380,256,5,2023-12-12,1588.2
1354,234,301,3,2024-01-12,280.08
1355,420,239,8,2024-01-26,582.56
1356,867,484,7,2024-09-06,1670.41
1357,157,73,7,2024-02-05,2238.67
1358,808,163,7,2024-07-14,1599.71
1359,375,8,7,2023-11-24,741.16
1360,155,304,3,2024-01-01,591.66
1361,401,242,3,2024-01-07,901.02
1362,23,255,7,2024-01-27,931.84
1363,979,438,9,2024-01-07,2929.68
1364,499,311,8,2023-11-11,3987.2
1365,500,497,1,2024-01-04,154.51
1366,69,488,6,2023-10-23,2755.98
1367,241,266,8,2023-06-14,194.24
1368,980,158,3,2024-01-10,832.83
1369,701,317,7,2024-11-24,1040.41
1370,289,175,6,2024-06-13,2148.12
1371,579,497,8,2024-01-15,1236.08
1372,379,214,4,2024-01-11,935.6
1373,705,120,6,2024-09-30,2700.84
1374,806,144,9,2024-01-26,3099.42
1375,340,358,4,2025-03-09,941.92
1376,587,498,4,2024-02-11,845.76
1377,501,289,8,2023-09-06,2938.56
1378,394,385,3,2024-02-16,183.09
1379,474,309,5,2024-01-13,1785.7
1380,797,99,5,2023-07-31,61.2
1381,486,127,4,2025-02-25,834.52
1382,495,288,3,2024-10-09,1056.78
1383,322,310,9,2024-01-26,349.11
1384,662,97,10,2024-02-02,1272.3
1385,754,454,4,2024-02-10,1317.04
1386,810,193,7,2024-04-01,3337.04
1387,268,105,3,2024-01-01,1389.54
1388,668,330,7,2024-01-15,3256.96
1389,795,466,3,2023-11-08,226.59
1390,609,228,6,2024-01-09,2003.58
1391,467,142,4,2023-11-14,254.36
1392,601,66,6,2024-02-11,2345.1
1393,566,245,6,2024-01-27,1788.66
1394,738,193,9,2024-01-14,4290.48
1395,662,166,7,2024-01-20,1752.31
1396,857,390,1,2025-01-03,58.65
1397,41,453,9,2024-01-23,172.17
1398,731,68,8,2024-01-03,3626.08
1399,144,78,2,2024-01-27,996.46
1400,95,387,6,2024-07-27,2583.66
1401,352,385,2,2024-11-19,122.06
1402,427,329,7,2023-08-31,159.04
1403,834,107,8,2024-01-25,1357.84
1404,934,445,5,2024-01-02,273.0
1405,661,350,9,2024-01-21,2341.98
1406,864,358,4,2024-02-25,941.92
1407,239,487,3,2024-02-11,1217.28
1408,331,199,7,2024-01-25,789.74
1409,297,253,1,2024-12-15,180.19
1410,70,21,4,2024-02-19,482.44
1411,504,4,6,2024-06-11,264.66
1412,522,461,3,2024-01-05,815.1
1413,550,4,10,2024-01-18,441.1
1414,384,262,7,2024-01-07,985.6
1415,773,312,5,2024-01-11,1568.15
1416,920,134,7,2024-01-10,2487.73
1417,463,15,8,2024-11-06,908.0
1418,789,208,4,2024-01-02,1092.76
1419,397,412,2,2023-12-22,942.52
1420,778,292,5,2025-01-28,251.45
1421,838,156,6,2024-01-22,538.02
1422,581,456,5,2024-01-01,398.8
1423,318,7,4,2023-12-29,927.84
1424,512,485,7,2024-07-05,840.21
1425,617,386,3,2025-02-01,1140.96
1426,293,408,4,2024-01-04,1042.88
1427,906,1,1,2024-03-07,276.82
1428,953,1,5,2023-11-11,1384.1
1429,100,28,6,2024-01-07,978.72
1430,995,217,6,2024-01-14,1505.46
1431,670,12,5,2024-04-05,52.05
1432,146,135,8,2023-12-27,1015.44
1433,124,471,1,2023-11-26,96.82
1434,15,58,2,2025-01-14,94.2
1435,712,286,5,2024-01-23,2066.85
1436,577,246,2,2024-02-03,581.08
1437,408,348,7,2024-01-16,2417.17
1438,443,426,8,2025-01-11,512.48
1439,919,23,2,2025-05-27,555.24
1440,289,369,8,2024-01-09,2396.88
1441,25,344,5,2024-02-23,1093.75
1442,459,415,1,2024-02-19,149.42
1443,856,439,7,2024-01-24,2668.61
1444,733,435,1,2024-01-03,124.08
1445,613,189,8,2024-06-17,2778.32
1446,675,462,6,2024-04-24,421.56
1447,753,328,6,2024-06-16,285.9
1448,479,178,5,2024-01-22,427.35
1449,770,456,8,2024-08-16,638.08
1450,89,309,5,2024-06-02,1785.7
1451,661,239,8,2023-11-16,582.56
1452,912,22,6,2025-03-02,2549.58
1453,149,307,6,2023-11-11,2727.54
1454,872,409,10,2024-01-27,884.1
1455,812,106,7,2024-01-14,468.09
1456,902,58,9,2025-01-10,423.9
1457,5,131,9,2024-02-08,3563.73
1458,701,364,6,2024-06-17,2713.08
1459,562,480,7,2024-01-11,3004.26
1460,591,180,7,2024-01-18,2281.65
1461,656,330,8,2024-01-23,3722.24
1462,917,386,4,2024-10-29,1521.28
1463,820,56,8,2024-01-03,3074.32
1464,712,487,5,2024-01-13,2028.8
1465,311,423,4,2024-02-27,990.12
1466,196,13,1,2024-01-04,434.18
1467,213,96,2,2024-01-15,222.04
1468,974,61,7,2023-06-11,276.01
1469,715,306,5,2024-01-12,407.55
1470,214,156,7,2025-03-12,627.69
1471,630,304,1,2024-10-24,197.22
1472,328,180,1,2024-01-16,325.95
1473,882,409,7,2024-08-06,618.87
1474,706,301,10,2025-05-02,933.6
1475,503,14,7,2024-01-16,1161.16
1476,778,464,2,2023-08-24,980.04
1477,252,371,2,2024-02-03,282.5
1478,619,241,1,2024-01-18,211.85
1479,796,361,8,2024-01-14,2808.48
1480,98,6,3,2023-06-29,1334.28
1481,958,260,8,2024-01-06,3006.0
1482,475,141,10,2024-01-30,2343.6
1483,549,335,1,2024-01-04,402.76
1484,715,265,8,2024-01-15,1789.68
1485,301,438,3,2024-01-20,976.56
1486,340,219,2,2023-08-18,598.74
1487,204,247,8,2024-01-13,887.2
1488,795,382,3,2024-02-06,526.47
1489,229,175,10,2024-02-15,3580.2
1490,828,359,2,2024-01-05,816.86
1491,136,380,10,2024-06-10,1126.2
1492,814,358,7,2024-01-17,1648.36
1493,920,356,6,2024-02-16,2947.62
1494,35,143,7,2023-08-06,3071.25
1495,90,135,6,2024-02-05,761.58
1496,929,476,3,2024-01-06,1069.23
1497,89,293,3,2024-12-11,1158.39
1498,383,286,5,2025-04-03,2066.85
1499,190,299,7,2024-01-02,3411.24
1500,238,104,3,2024-01-24,521.4
1501,719,201,1,2024-01-17,261.6
1502,808,7,2,2024-02-17,463.92
1503,10,156,3,2024-01-08,269.01
1504,882,246,4,2024-01-16,1162.16
1505,490,246,4,2024-01-13,1162.16
1506,567,325,9,2024-02-22,988.47
1507,131,440,9,2024-01-25,2306.61
1508,70,245,9,2024-02-06,2682.99
1509,253,321,7,2024-01-17,858.41
1510,848,135,7,2024-01-14,888.51
1511,44,446,6,2024-02-22,811.32
1512,744,477,6,2024-01-20,1936.98
1513,857,444,4,2024-02-20,853.28
1514,973,405,9,2025-03-12,4004.64
1515,162,124,10,2023-08-16,750.3
1516,444,308,1,2025-05-22,75.27
1517,914,398,3,2024-02-09,620.43
1518,403,144,8,2024-05-15,2755.04
1519,311,429,9,2024-09-24,4010.76
1520,524,250,7,2025-01-24,1089.83
1521,712,287,10,2023-10-19,4639.8
1522,481,173,2,2024-11-27,870.18
1523,530,316,2,2024-01-09,978.94
1524,957,139,5,2024-02-11,1201.9
1525,929,123,10,2024-01-10,507.1
1526,197,423,6,2024-02-26,1485.18
1527,613,218,4,2023-10-21,1365.96
1528,822,395,5,2024-01-22,388.1
1529,371,365,9,2024-02-15,3881.7
1530,596,267,3,2024-01-24,1446.78
1531,898,150,4,2024-01-26,484.48
1532,649,426,6,2024-01-21,384.36
1533,830,255,6,2024-01-16,798.72
1534,735,139,10,2024-02-16,2403.8
1535,621,37,5,2024-01-13,479.75
1536,833,282,7,2024-01-07,880.81
1537,832,479,5,2024-12-15,210.15
1538,598,421,5,2024-02-28,1481.55
1539,53,219,8,2024-07-01,2394.96
1540,321,62,3,2024-01-12,752.82
1541,779,411,1,2024-01-03,137.28
1542,285,56,9,2024-02-04,3458.61
1543,948,381,7,2024-01-29,1294.65
1544,677,291,1,2024-01-11,76.69
1545,6,320,5,2024-01-08,1660.7
1546,237,113,10,2024-12-17,257.3
1547,363,431,4,2024-01-18,647.0
1548,599,163,4,2024-01-27,914.12
1549,393,105,9,2023-09-02,4168.62
1550,585,380,10,2024-02-16,1126.2
1551,128,49,4,2024-02-15,1508.2
1552,625,85,3,2024-02-01,221.88
1553,245,344,5,2024-06-30,1093.75
1554,457,110,4,2024-01-03,146.52
1555,419,365,8,2024-06-28,3450.4
1556,872,315,7,2024-01-25,1889.37
1557,279,106,8,2024-05-16,534.96
1558,330,11,8,2024-08-26,3421.84
1559,622,106,6,2024-01-03,401.22
1560,616,429,7,2024-01-13,3119.48
1561,213,112,6,2024-01-09,630.84
1562,255,367,5,2024-09-23,2129.1
1563,984,13,10,2024-01-23,4341.8
1564,67,232,1,2024-01-12,194.4
1565,369,196,1,2024-08-08,78.12
1566,92,224,5,2024-01-09,314.7
1567,376,467,5,2024-02-19,2258.55
1568,661,265,10,2024-02-02,2237.1
1569,391,187,1,2024-02-06,99.79
1570,95,316,9,2024-01-03,4405.23
1571,538,478,5,2024-02-14,467.65
1572,286,446,3,2024-01-10,405.66
1573,171,267,2,2024-01-03,964.52
1574,636,27,10,2025-06-28,3734.3
1575,181,148,9,2023-11-19,3163.14
1576,242,9,4,2024-02-25,1829.88
1577,104,138,3,2024-12-18,537.48
1578,780,189,3,2024-01-30,1041.87
1579,192,126,1,2024-01-06,21.96
1580,785,140,9,2023-07-29,1713.51
1581,404,70,3,2024-01-05,1177.98
1582,867,68,4,2025-01-08,1813.04
1583,802,143,8,2024-01-06,3510.0
1584,728,57,4,2024-01-20,1403.48
1585,773,22,2,2024-02-10,849.86
1586,472,271,8,2024-12-06,2040.96
1587,744,207,9,2024-11-14,3246.75
1588,363,403,10,2024-07-19,3091.0
1589,770,129,9,2024-02-16,1558.08
1590,130,413,1,2024-01-20,232.04
1591,377,432,5,2024-01-29,1814.1
1592,423,196,7,2024-01-01,546.84
1593,323,250,4,2024-02-25,622.76
1594,654,385,3,2023-10-22,183.09
1595,665,407,5,2024-01-05,1863.15
1596,17,462,4,2024-02-13,281.04
1597,478,365,8,2024-01-07,3450.4
1598,475,67,7,2024-02-05,73.01
1599,919,328,2,2024-01-02,95.3
1600,359,239,7,2023-08-19,509.74
1601,613,151,6,2023-07-12,1400.4
1602,957,445,8,2024-01-11,436.8
1603,199,159,9,2024-01-04,1368.18
1604,150,382,9,2024-01-01,1579.41
1605,522,112,9,2024-01-15,946.26
1606,414,172,10,2024-03-18,3029.9
1607,377,27,9,2024-10-12,3360.87
1608,444,391,9,2024-01-25,632.34
1609,562,374,10,2023-11-05,2979.5
1610,956,423,7,2024-01-23,1732.71
1611,451,375,5,2024-01-25,1802.25
1612,937,101,2,2024-02-08,474.94
1613,43,23,5,2024-01-05,1388.1
1614,200,215,10,2024-01-26,1523.9
1615,846,453,3,2024-01-02,57.39
1616,1,34,3,2024-02-16,216.42
1617,806,34,4,2025-04-19,288.56
1618,506,59,2,2024-05-16,674.22
1619,632,373,6,2024-02-20,2195.04
1620,591,286,9,2024-05-04,3720.33
1621,647,341,6,2025-06-03,342.54
1622,604,267,5,2024-02-07,2411.3
1623,232,418,1,2024-02-17,218.59
1624,308,256,7,2024-01-19,2223.48
1625,308,411,5,2024-01-05,686.4
1626,569,115,4,2024-02-05,1223.12
1627,949,51,9,2024-07-14,3757.77
1628,430,291,6,2024-01-08,460.14
1629,167,320,8,2024-04-17,2657.12
1630,949,456,1,2023-11-05,79.76
1631,425,243,1,2024-01-12,19.66
1632,122,158,4,2024-07-10,1110.44
1633,603,110,7,2024-02-08,256.41
1634,626,412,3,2024-01-20,1413.78
1635,335,304,7,2024-02-03,1380.54
1636,816,378,1,2024-01-14,52.23
1637,505,460,2,2025-05-15,228.5
1638,664,78,1,2024-01-06,498.23
1639,34,69,5,2025-05-03,1938.95
1640,941,424,6,2024-02-06,407.1
1641,915,159,6,2024-01-19,912.12
1642,85,21,10,2024-01-30,1206.1
1643,197,405,3,2024-10-15,1334.88
1644,111,137,10,2024-01-27,1410.1
1645,539,37,10,2024-01-03,959.5
1646,474,311,5,2024-01-25,2492.0
1647,717,264,2,2024-02-10,801.1
1648,33,202,6,2024-09-06,187.26
1649,368,488,9,2024-01-21,4133.97
1650,723,418,7,2024-04-12,1530.13
1651,683,168,4,2024-01-05,878.16
1652,721,80,1,2024-01-19,18.04
1653,897,61,3,2024-01-15,118.29
1654,130,77,2,2024-01-11,449.22
1655,705,164,10,2024-01-16,1056.2
1656,446,210,2,2025-04-18,958.6
1657,566,374,10,2024-01-23,2979.5
1658,215,459,8,2024-07-05,1151.36
1659,197,177,2,2024-01-27,317.84
1660,874,412,5,2024-01-27,2356.3
1661,510,238,7,2024-09-03,2698.99
1662,137,418,6,2025-04-05,1311.54
1663,323,491,10,2024-02-26,1268.0
1664,169,489,5,2024-05-08,1583.7
1665,152,22,3,2024-01-20,1274.79
1666,508,491,5,2024-08-01,634.0
1667,40,395,1,2025-02-19,77.62
1668,382,173,1,2024-01-25,435.09
1669,845,497,9,2024-01-05,1390.59
1670,341,349,9,2024-01-13,2597.22
1671,911,271,10,2024-08-19,2551.2
1672,789,487,1,2024-12-12,405.76
1673,298,276,8,2024-01-11,3462.56
1674,19,209,10,2024-09-28,4271.4
1675,850,450,7,2025-02-13,2080.05
1676,586,119,6,2024-02-09,1763.64
1677,308,457,1,2025-01-14,217.64
1678,261,203,5,2024-01-08,2304.25
1679,42,114,8,2024-01-01,1877.6
1680,441,25,2,2024-02-27,98.46
1681,922,280,7,2024-01-28,2341.43
1682,976,376,5,2024-10-21,1006.4
1683,595,110,9,2024-02-04,329.67
1684,876,121,7,2024-12-10,2585.8
1685,672,103,1,2024-02-21,462.11
1686,252,485,8,2024-01-05,960.24
1687,954,384,5,2024-01-10,1414.7
1688,688,132,7,2024-01-14,258.02
1689,209,374,3,2024-01-25,893.85
1690,955,148,5,2025-03-16,1757.3
1691,71,40,3,2023-06-04,379.77
1692,977,123,2,2024-03-03,101.42
1693,989,92,2,2024-10-25,927.16
1694,785,428,9,2024-02-22,3579.21
1695,630,143,2,2024-01-03,877.5
1696,362,91,7,2024-02-12,646.38
1697,743,10,10,2023-08-28,2955.4
1698,65,84,3,2024-01-17,58.02
1699,835,354,9,2024-01-30,1402.65
1700,776,324,6,2024-01-28,2546.76
1701,399,406,7,2024-01-17,359.1
1702,795,416,7,2024-01-07,1852.48
1703,636,327,8,2023-08-08,3888.8
1704,1000,382,4,2024-10-19,701.96
1705,571,395,8,2024-01-21,620.96
1706,378,102,1,2024-01-07,400.34
1707,4,293,6,2024-01-22,2316.78
1708,957,191,6,2024-04-18,1485.6
1709,883,238,2,2024-01-04,771.14
1710,609,267,9,2024-09-27,4340.34
1711,507,284,9,2025-03-01,1401.66
1712,831,17,6,2024-01-18,429.12
1713,842,218,5,2024-01-04,1707.45
1714,57,481,5,2025-05-13,106.65
1715,265,418,7,2024-02-14,1530.13
1716,77,500,9,2024-01-16,4224.78
1717,316,379,5,2024-02-10,1255.85
1718,336,95,2,2025-02-07,601.86
1719,614,437,2,2024-01-04,713.06
1720,999,136,6,2024-01-04,2126.34
1721,188,296,4,2024-02-02,429.4
1722,284,160,9,2023-08-21,3302.91
1723,832,365,9,2024-12-11,3881.7
1724,305,465,9,2024-02-13,1596.6
1725,771,477,1,2024-01-29,322.83
1726,431,48,6,2024-01-02,810.72
1727,141,36,2,2023-09-18,911.92
1728,913,245,1,2024-12-06,298.11
1729,110,136,3,2024-02-09,1063.17
1730,84,172,3,2024-01-30,908.97
1731,583,359,2,2024-02-07,816.86
1732,747,363,3,2024-01-27,1161.48
1733,885,350,9,2024-01-14,2341.98
1734,6,349,9,2025-06-17,2597.22
1735,795,432,4,2024-02-14,1451.28
1736,217,314,7,2024-01-17,3261.02
1737,300,177,3,2025-01-13,476.76
1738,295,138,4,2025-05-24,716.64
1739,431,131,10,2024-07-20,3959.7
1740,605,98,5,2025-03-18,1807.15
1741,595,62,4,2024-01-02,1003.76
1742,237,128,1,2023-10-15,10.67
1743,989,112,5,2025-03-29,525.7
1744,216,368,2,2024-02-04,999.04
1745,350,106,8,2024-01-24,534.96
1746,664,403,2,2024-07-25,618.2
1747,388,338,9,2023-12-24,808.56
1748,879,326,3,2024-01-12,1239.18
1749,193,446,4,2024-08-21,540.88
1750,51,130,1,2024-02-26,352.05
1751,911,427,1,2023-12-26,67.69
1752,424,57,5,2024-01-09,1754.35
1753,182,219,1,2023-08-06,299.37
1754,601,233,6,2024-01-08,2589.48
1755,461,103,5,2024-03-03,2310.55
1756,165,246,4,2024-02-25,1162.16
1757,241,331,8,2024-01-18,3336.32
1758,522,329,3,2024-01-24,68.16
1759,380,268,5,2024-02-22,255.65
1760,529,410,5,2024-02-19,1829.95
1761,981,454,2,2024-01-10,658.52
1762,259,415,4,2024-12-21,597.68
1763,877,315,10,2023-12-05,2699.1
1764,643,255,9,2024-01-01,1198.08
1765,336,394,9,2024-10-05,1172.43
1766,199,96,2,2024-08-09,222.04
1767,258,357,5,2025-04-16,64.35
1768,863,492,10,2024-06-24,1260.0
1769,484,320,4,2024-05-10,1328.56
1770,366,242,4,2024-08-15,1201.36
1771,981,288,1,2024-02-05,352.26
1772,237,211,1,2024-01-14,261.98
1773,548,379,2,2024-01-18,502.34
1774,452,368,3,2024-01-07,1498.56
1775,224,190,2,2024-01-01,160.84
1776,941,301,7,2024-01-09,653.52
1777,659,302,8,2024-02-08,1785.84
1778,627,61,2,2024-12-01,78.86
1779,765,323,4,2024-01-23,1978.08
1780,284,278,3,2023-06-07,392.13
1781,949,432,8,2024-02-14,2902.56
1782,909,170,2,2024-01-19,746.7
1783,235,474,10,2024-01-14,3163.7
1784,714,179,6,2023-11-16,2684.52
1785,28,379,2,2025-04-14,502.34
1786,282,99,3,2024-02-02,36.72
1787,751,92,4,2024-02-10,1854.32
1788,472,32,8,2024-01-05,1934.8
1789,33,61,4,2024-01-25,157.72
1790,902,390,5,2025-05-05,293.25
1791,65,427,3,2024-02-12,203.07
1792,36,273,3,2023-09-20,1166.58
1793,87,392,3,2024-01-05,39.69
1794,426,56,7,2024-01-27,2690.03
1795,171,137,9,2024-11-25,1269.09
1796,973,462,10,2024-05-03,702.6
1797,908,232,3,2025-04-07,583.2
1798,581,111,8,2024-08-29,1863.6
1799,286,162,5,2023-06-21,336.35
1800,201,208,5,2024-01-18,1365.95
1801,477,475,2,2024-02-23,967.96
1802,130,462,1,2024-01-23,70.26
1803,547,487,2,2025-03-27,811.52
1804,595,365,3,2024-01-06,1293.9
1805,552,449,4,2024-02-02,545.56
1806,521,440,10,2024-02-18,2562.9
1807,566,43,6,2024-02-09,2134.5
1808,341,282,3,2024-02-16,377.49
1809,871,430,4,2024-01-26,723.36
1810,226,358,2,2023-08-13,470.96
1811,433,370,9,2024-01-25,2419.83
1812,330,236,3,2024-05-11,856.53
1813,31,17,1,2025-05-08,71.52
1814,25,442,1,2024-01-06,405.39
1815,776,381,10,2024-01-23,1849.5
1816,195,247,2,2025-03-25,221.8
1817,381,30,10,2024-01-05,2163.0
1818,362,161,7,2024-10-29,2579.5
1819,662,149,5,2024-01-03,1439.75
1820,559,417,3,2024-10-01,313.05
1821,295,252,9,2024-02-06,1295.55
1822,845,391,5,2024-04-17,351.3
1823,389,241,1,2023-07-16,211.85
1824,614,26,1,2024-06-21,48.33
1825,354,326,6,2024-01-24,2478.36
1826,529,141,9,2024-01-13,2109.24
1827,577,63,4,2024-11-05,1305.16
1828,234,165,6,2023-11-22,1642.92
1829,804,296,7,2023-07-11,751.45
1830,641,241,1,2024-02-20,211.85
1831,877,315,9,2023-06-18,2429.19
1832,791,320,9,2024-01-03,2989.26
1833,63,138,1,2024-02-14,179.16
1834,855,271,2,2025-06-26,510.24
1835,6,134,5,2024-12-12,1776.95
1836,972,243,8,2024-02-07,157.28
1837,388,368,4,2024-02-09,1998.08
1838,249,80,2,2024-01-13,36.08
1839,634,348,5,2025-03-22,1726.55
1840,686,342,5,2024-02-08,2219.25
1841,901,215,3,2024-01-24,457.17
1842,866,271,7,2024-01-10,1785.84
1843,984,399,5,2024-01-28,1667.45
1844,42,421,7,2024-01-21,2074.17
1845,400,81,6,2024-03-24,185.88
1846,888,448,1,2024-01-26,38.67
1847,235,370,6,2024-01-22,1613.22
1848,192,151,4,2023-06-24,933.6
1849,685,44,8,2024-01-14,1784.16
1850,812,144,5,2024-11-25,1721.9
1851,518,470,1,2024-06-12,182.97
1852,248,285,9,2024-03-09,3968.46
1853,340,372,3,2023-08-03,1410.27
1854,690,353,6,2024-01-22,2538.18
1855,655,30,5,2024-01-30,1081.5
1856,222,107,6,2024-01-17,1018.38
1857,264,301,6,2024-02-24,560.16
1858,228,414,3,2024-02-23,1408.17
1859,615,233,9,2023-10-05,3884.22
1860,558,25,10,2024-02-03,492.3
1861,647,348,4,2024-02-21,1381.24
1862,331,116,1,2025-06-10,280.85
1863,79,490,2,2024-10-30,43.54
1864,509,389,6,2024-02-17,2142.0
1865,879,209,9,2023-06-09,3844.26
1866,11,467,3,2024-01-01,1355.13
1867,831,16,10,2024-01-25,4232.3
1868,425,58,9,2024-01-20,423.9
1869,537,474,1,2024-01-13,316.37
1870,342,242,8,2024-01-10,2402.72
1871,843,306,2,2023-06-04,163.02
1872,904,318,4,2024-01-20,1856.36
1873,812,178,3,2024-02-20,256.41
1874,73,414,2,2025-01-09,938.78
1875,294,56,9,2024-01-08,3458.61
1876,407,272,8,2024-01-01,3731.68
1877,601,72,7,2024-01-27,3277.19
1878,741,81,4,2023-08-15,123.92
1879,246,232,5,2024-01-14,972.0
1880,79,48,5,2025-06-18,675.6
1881,302,67,9,2023-07-14,93.87
1882,850,188,1,2024-10-17,437.5
1883,959,203,7,2023-07-18,3225.95
1884,532,356,2,2024-01-05,982.54
1885,437,400,1,2023-07-27,490.22
1886,533,454,4,2024-01-13,1317.04
1887,906,312,2,2024-06-30,627.26
1888,158,351,8,2024-01-24,2308.4
1889,218,52,3,2024-02-11,1037.67
1890,365,27,7,2024-02-19,2614.01
1891,112,249,8,2023-10-25,3898.48
1892,637,108,9,2024-02-02,1528.2
1893,119,124,5,2024-02-17,375.15
1894,459,400,4,2024-01-08,1960.88
1895,489,442,9,2024-07-22,3648.51
1896,48,109,4,2023-10-06,776.04
1897,55,53,6,2025-02-10,129.66
1898,842,25,9,2024-01-19,443.07
1899,595,363,2,2024-02-06,774.32
1900,958,9,8,2023-11-17,3659.76
1901,413,388,10,2025-03-02,918.5
1902,431,393,10,2025-04-03,517.6
1903,304,426,9,2025-06-17,576.54
1904,693,348,8,2024-01-17,2762.48
1905,303,75,9,2025-03-14,868.86
1906,975,292,4,2024-01-19,201.16
1907,106,151,1,2025-01-04,233.4
1908,634,406,4,2023-09-19,205.2
1909,190,430,4,2024-01-05,723.36
1910,795,497,7,2023-07-27,1081.57
1911,418,319,1,2024-07-12,164.62
1912,656,61,8,2023-07-02,315.44
1913,658,227,3,2025-06-11,254.52
1914,234,267,10,2024-01-22,4822.6
1915,679,309,6,2024-11-14,2142.84
1916,142,337,9,2024-03-18,875.07
1917,848,2,6,2023-09-29,2153.04
1918,146,462,10,2024-12-14,702.6
1919,824,435,3,2024-12-09,372.24
1920,693,76,7,2024-02-18,3144.89
1921,392,294,7,2024-01-21,2788.73
1922,75,473,4,2024-01-16,1526.52
1923,829,219,2,2023-10-28,598.74
1924,785,98,9,2024-01-11,3252.87
1925,946,385,2,2024-01-07,122.06
1926,796,137,7,2024-02-26,987.07
1927,792,160,9,2024-01-29,3302.91
1928,42,438,1,2024-02-25,325.52
1929,230,1,1,2025-02-04,276.82
1930,401,465,7,2024-01-02,1241.8
1931,120,427,7,2024-02-22,473.83
1932,198,417,10,2024-01-27,1043.5
1933,875,14,1,2023-07-28,165.88
1934,627,332,5,2024-01-21,709.85
1935,622,38,6,2024-01-14,2594.34
1936,793,91,9,2024-01-19,831.06
1937,973,227,7,2024-02-12,593.88
1938,226,327,5,2024-01-29,2430.5
1939,508,226,8,2023-07-30,184.88
1940,732,483,8,2024-07-26,1346.16
1941,688,67,10,2024-01-01,104.3
1942,569,409,2,2025-03-02,176.82
1943,846,243,7,2024-12-30,137.62
1944,717,478,10,2024-01-25,935.3
1945,270,12,7,2024-02-25,72.87
1946,69,497,4,2024-01-15,618.04
1947,238,46,3,2025-06-02,967.02
1948,953,88,4,2024-01-13,875.36
1949,112,240,9,2023-12-27,1594.98
1950,870,461,3,2024-02-06,815.1
1951,1,195,2,2024-01-14,924.94
1952,244,423,9,2024-09-21,2227.77
1953,508,280,10,2023-12-12,3344.9
1954,224,230,2,2024-04-10,862.48
1955,271,304,1,2024-02-19,197.22
1956,331,25,3,2024-02-02,147.69
1957,997,419,2,2024-02-02,486.72
1958,243,232,4,2024-07-12,777.6
1959,482,274,2,2025-06-28,809.72
1960,810,256,9,2024-01-06,2858.76
1961,77,8,3,2025-01-24,317.64
1962,550,424,3,2024-01-07,203.55
1963,268,266,7,2024-01-18,169.96
1964,349,377,8,2024-08-22,3390.56
1965,240,389,7,2024-02-27,2499.0
1966,553,125,2,2024-02-22,318.74
1967,327,210,1,2024-01-19,479.3
1968,769,231,1,2024-12-09,441.26
1969,737,326,7,2023-09-30,2891.42
1970,465,245,1,2024-01-28,298.11
1971,922,208,9,2024-02-26,2458.71
1972,16,187,1,2024-01-05,99.79
1973,87,338,3,2024-01-21,269.52
1974,358,168,3,2024-01-13,658.62
1975,696,448,6,2024-01-11,232.02
1976,553,230,2,2023-11-01,862.48
1977,751,38,9,2023-08-14,3891.51
1978,585,72,6,2025-01-29,2809.02
1979,978,21,9,2024-03-01,1085.49
1980,241,221,10,2024-02-18,3653.5
1981,889,9,3,2024-01-30,1372.41
1982,39,436,6,2025-05-09,2676.72
1983,748,118,9,2025-06-03,1321.11
1984,709,129,9,2024-04-01,1558.08
1985,904,311,6,2024-12-18,2990.4
1986,645,34,2,2024-01-15,144.28
1987,642,280,9,2023-07-07,3010.41
1988,712,336,8,2024-01-30,2224.88
1989,184,121,9,2023-12-18,3324.6
1990,553,394,3,2024-01-20,390.81
1991,463,141,7,2023-08-05,1640.52
1992,737,322,8,2024-06-28,1790.8
1993,555,77,10,2024-10-22,2246.1
1994,736,433,3,2024-02-17,707.58
1995,591,101,8,2024-02-21,1899.76
1996,545,163,9,2024-01-21,2056.77
1997,191,350,4,2024-01-23,1040.88
1998,276,453,1,2024-07-04,19.13
1999,391,373,10,2024-01-15,3658.4
2000,583,20,1,2024-02-18,232.65
